<?xml version="1.0" encoding="UTF-8"?>
<project-private xmlns="http://www.netbeans.org/ns/project-private/1">
    <editor-bookmarks xmlns="http://www.netbeans.org/ns/editor-bookmarks/2" lastBookmarkId="0"/>
    <open-files xmlns="http://www.netbeans.org/ns/projectui-open-files/2">
        <group>
            <file>file:/C:/Users/Lenovo/Documents/NetBeansProjects/Registration/src/FreddyHalaST10081356RegistrationLogin/UserInfo.java</file>
            <file>file:/C:/Users/Lenovo/Documents/NetBeansProjects/Registration/src/FreddyHalaST10081356RegistrationLogin/Task.java</file>
            <file>file:/C:/Users/Lenovo/Documents/NetBeansProjects/Registration/src/FreddyHalaST10081356RegistrationLogin/Login.java</file>
            <file>file:/C:/Users/Lenovo/Documents/NetBeansProjects/Registration/src/FreddyHalaST10081356RegistrationLogin/Registration.java</file>
        </group>
    </open-files>
</project-private>
